[{"model": "video.video", "pk": 12, "fields": {"member": 13, "name": "เก่ง Django ใน 1 วัน", "slug": "ekng-django-ain-1-wan", "description": "หลักสูตรนี้คุณจะได้เรียนการพัฒนาเว็บแอพลิเคชั่น แบบเร่งด่วนภายใน 1 วันโดยใช้ Django Framework ช่วยให้ผู้สนใจสามารถเริ่มเรียนจากพื้นฐานไปสู่ขั้นสูง จนสามารถสร้างโปรเจ็กต์เพื่อใช้งานได้ทันที เนื้อหาจะเริ่มจากการติดตั้ง รายละเอียดของไฟล์ต่างๆ คอนเซ็ปต์ MVT ไปจนถึงสร้าง Models, Views และ Templates เพื่อแสดงผลข้อมูล", "image": "video/coverpage_SOzgOrf.png", "videoexample": "video/example/01.mp4", "videoexample_url": "/media/video/example/064bba85-ddce-11ed-99c4-dcf505dba8ac.mp4", "category": 1, "category_sub": 1, "price": "440.00", "price_before": "500.00", "published": true, "created": "2023-04-18T09:47:26.012Z", "updated": "2023-04-18T09:47:54.850Z"}}, {"model": "video.video", "pk": 13, "fields": {"member": 17, "name": "พัฒนาเว็บด้วย JavaScript แบบ MERN Stack", "slug": "phathnaaewbdwy-javascript-aebb-mern-stack", "description": "หลักสูตรนี้คุณจะได้เรียนรู้เกี่ยวกับ  MEAN Stack คือ JavaScript Framework ที่ใช้สำหรับการพัฒนาเว็บไซต์ \r\nโดยจะใช้ JavaScript เป็นหลัก โดยที่ตัวอักษรแต่ละตัวมีที่มาคือ (M) มาจาก MongoDB เป็น NoSQL Database  ที่กำลังได้รับความนิยมอยู่ในขณะนี้\r\n(E) มาจาก ExpressJS เป็น JavaScript Framework ตัวหนึ่งที่ทำงานอยู่ใน Node.js\r\n(A) มาจาก Angular.js เป็น Front-end JavaScript Framework ที่พัฒนาโดย Google ซึ่งจะทำงานในฝั่ง Client เป็นหลัก\r\n(N) มาจาก Node.js เป็น Back-end JavaScript Framework ที่นิยมเอาไว้ทำงานในฝั่ง Server ในการประกอบอาชีพและพัฒนาตัวเองต่อไป", "image": "video/sddefault.jpg", "videoexample": "video/example/01_CEFSDjZ.mp4", "videoexample_url": "/media/video/example/4245eef3-decc-11ed-958d-dcf505dba8ac.mp4", "category": 1, "category_sub": 4, "price": "220.00", "price_before": "0.00", "published": true, "created": "2023-04-19T16:07:18.609Z", "updated": "2023-04-22T18:05:41.884Z"}}, {"model": "video.video", "pk": 14, "fields": {"member": 17, "name": "สร้างเกม 2 มิติด้วยภาษา Python | สำหรับผู้เริ่มต้น", "slug": "sraangekm-2-mitidwyphaasaa-python-samhrabphuuerimtn", "description": "คอร์สพัฒนาเกม 2D ด้วย PyGame เขียนโปรแกรมด้วยภาษา Python โดยคอร์สนี้ลุงจะแนะนำคอนเซ็ปการสร้างเกม 2 มิติตั้งแต่เริ่มต้นไปจนเขียนเกมพื้นฐานได้หลายๆเกม นอกจากการเขียนโปรแกรมแล้วยังมีการสอดแทรกเรื่องพื้นฐาน Game Design หรือการออกแบบเกมว่าเป็นอย่างไร โดยความรู้ในคอร์สนี้สามารถต่อยอดไปสู่การพัฒนาวิดีโอเกมแบบ 3D ได้ในอนาคต", "image": "video/sddefault_kobBisX.jpg", "videoexample": "video/example/01_gVTc736.mp4", "videoexample_url": "/media/video/example/f81421c5-decd-11ed-9b81-dcf505dba8ac.mp4", "category": 1, "category_sub": 1, "price": "290.00", "price_before": "0.00", "published": true, "created": "2023-04-19T16:19:33.636Z", "updated": "2023-04-19T16:45:26.977Z"}}, {"model": "video.video", "pk": 15, "fields": {"member": 18, "name": "สอนโปรแกรม Adobe XD ออกแบบแอพและเว็บไซต์", "slug": "s-nopraekrm-adobe-xd-kaebbae-phaelaewbaicht", "description": "โปรแกรม Adobe XD หรือชื่อเรียกเต็มๆคือ Adobe Experience Design ที่ถูกสร้างมาเพื่อตอบโจทย์การทำงานของ Digital Designer ในปัจจุบัน เหมาะกับการออกแบบเว็บไซต์และแอปพลิเคชันบนอุปกรณ์ต่างๆ มีฟีเจอร์ที่ครบเครื่องทั้งการ ออกแบบ(Design) การเชื่อมประสาน UI (Prototyping) และ การส่งต่องานให้ นักพัฒนา(Developer) ออกแบบเว็บไซต์หรืองาน UX/UI คงต้องบอกลา Photoshop และ Ilustrator กันได้แล้ว เพราะทาง Adobe ได้สร้าง Adobe XD สุดยอดโปรแกรมสำหรับการออกแบบ Digital Product มาให้ใช้งานแล้ว", "image": "video/maxresdefault.jpg", "videoexample": "video/example/01_aOJ6AlQ.mp4", "videoexample_url": "/media/video/example/68d3b754-dece-11ed-947f-dcf505dba8ac.mp4", "category": 3, "category_sub": 10, "price": "380.00", "price_before": "450.00", "published": true, "created": "2023-04-19T16:22:42.274Z", "updated": "2023-04-22T16:17:25.664Z"}}, {"model": "video.video", "pk": 16, "fields": {"member": 18, "name": "การพัฒนา PHP โดยใช้ XAMPP บน Windows", "slug": "kaarphathnaa-php-odyaich-xampp-bn-windows", "description": "ภาษา PHP สามารถนำมาสร้างเป็น Web Application ต่างๆได้อย่างมีประสิทธิภาพ และนับได้ว่าเป็น Server Side Programming ที่ได้รับความนิยมมากที่สุดในปัจจุบัน เนื่องจากสามารถทำงานได้กับทุกระบบของ Web Server ทั้ง Windows, UNIX, Linux แบบไม่สังกัดพรรคหรือแบบ Freelance จริงๆเพราะมีโครงสร้างของภาษาที่ง่าย หลักสูตรพัฒนาเว็บไซต์ด้วย PHP โปรแกรมมิ่งและฐานข้อมูล MySQL สอนอย่างมีระบบ ตั้งแต่การปูพื้นฐานเรียนรู้การทำงานและโครงสร้างของภาษา, ฟังก์ชัน, การใช้ PHP เพื่อ ติดต่อกับฐานข้อมูล My SQL, การใช้คำสั่งพื้นฐานต่างๆ ไปจนถึงการทำการใช้งานในระดับสูง พร้อมการฝึกฝนจากของจริงด้วย สำหรับผู้ต้องการสร้าง Web Programming อย่างเต็มรูปแบบ ท่านจะได้เรียนรู้การสร้าง Web Site เริ่มต้นจากการสร้าง ระบบสมัครสมาชิก รายการสต๊อกสินค้า โดยจะมีแบบฟอร์มที่สามารถ เพิ่ม แก้ไข ลบข้อมูล ดึงข้อมูลรายการมาแสดง แบบออนไลน์ได้", "image": "video/maxresdefault_b5TlqlS.jpg", "videoexample": "video/example/01_uhg6TOY.mp4", "videoexample_url": "/media/video/example/04edd43b-ded2-11ed-81d7-dcf505dba8ac.mp4", "category": 1, "category_sub": 8, "price": "120.00", "price_before": "250.00", "published": true, "created": "2023-04-19T16:48:32.646Z", "updated": "2023-04-22T16:16:26.531Z"}}, {"model": "video.video", "pk": 17, "fields": {"member": 19, "name": "สอนติดตั้ง Windows11 Arm บน Mac M1/M2 ด้วย UTM", "slug": "s-ntidtang-windows11-arm-bn-mac-m1-m2-dwy-utm", "description": "สอนติดตั้ง Windows on ARM ที่สามารถใช้งานบน PC Notebook หรือ Surface ตระกูล Pro X ซึ่งเป็น Surface รุ่นแรกที่มาพร้อมกับ Windows 10 แบบ ARM (ปัจจุบันมีรุ่นอัปเกรด Windows 11 ออกมาแล้ว) แม้ยอดขายอาจจะไม่ได้ปังซะทีเดียวเหมือน MacBook Air M1 แต่ก็ถือเป็นต้นแบบสำคัญที่ทำให้ตอนนี้หลายแบรนด์เริ่มขยับตามมาทำโน้ตบุ๊คหรือแท็บเล็ตพีซีที่เป็นไส้ใน ARM มากขึ้น", "image": "video/maxresdefault_UC0W0gz.jpg", "videoexample": "video/example/01_NEypbm4.mp4", "videoexample_url": "/media/video/example/b877b179-ded2-11ed-9cb5-dcf505dba8ac.mp4", "category": 4, "category_sub": 11, "price": "0.00", "price_before": "0.00", "published": true, "created": "2023-04-19T16:53:33.886Z", "updated": "2023-04-22T16:22:27.966Z"}}, {"model": "video.video", "pk": 18, "fields": {"member": 19, "name": "สอนเริ่มต้นเขียนโปรแกรมบน Android", "slug": "s-nerimtnekhiiynopraekrmbn-android", "description": "หลักสูตรการพัฒนาแอป Android โดยใช้ Kotlin จะสอนหลักพื้นฐานในการพัฒนาแอป Android โดยการใช้ภาษาโปรแกรม Kotlin สื่อการเรียนการสอนเหล่านี้ออกแบบมาเพื่อให้ผู้สอนใช้สำหรับการบรรยายในสภาพแวดล้อมที่เป็นชั้นเรียน ในหลักสูตรมีทั้งหมด 13 บทเรียน โดยแต่ละการบรรยายจะยาวประมาณ 1 ชั่วโมง การบรรยายแต่ละครั้งจะมาพร้อมกับ Codelab ที่เน้นปฏิบัติเป็นเวลา 2 ชั่วโมงสำหรับให้นักศึกษาทำให้สำเร็จด้วยตนเอง หากคุณพร้อมที่จะสอนเกี่ยวกับ Android แล้ว ให้ใช้สื่อการเรียนการสอนเหล่านี้เพื่อเริ่มต้นตั้งแต่วันนี้ได้เลย", "image": "video/maxresdefault_cGL6CTT.jpg", "videoexample": "video/example/01_Tj7FTOz.mp4", "videoexample_url": "/media/video/example/866ba8f8-ded3-11ed-abe2-dcf505dba8ac.mp4", "category": 1, "category_sub": 5, "price": "750.00", "price_before": "800.00", "published": true, "created": "2023-04-19T16:59:19.433Z", "updated": "2023-04-22T16:14:30.899Z"}}, {"model": "video.video", "pk": 20, "fields": {"member": 19, "name": "React JS Tutorial : Integrate AdminLTE (English)", "slug": "react-js-tutorial-integrate-adminlte-english", "description": "Today, we begin our new series of tutorials in which we create a simple POS [point of sale] using React.js, Node.js, Express.js, and MongoDB. In this first chapter, we will learn how to set up the frontend with React and AdminLTE version 3. Also, we will learn how to establish a connection between Node.js and MongoDB.", "image": "video/maxresdefault_Bq1Cz9a.jpg", "videoexample": "video/example/01_gNAqkth.mp4", "videoexample_url": "/media/video/example/0f8d4995-ded4-11ed-8461-dcf505dba8ac.mp4", "category": 1, "category_sub": 4, "price": "0.00", "price_before": "0.00", "published": true, "created": "2023-04-19T17:03:09.513Z", "updated": "2023-04-22T16:20:13.569Z"}}, {"model": "video.video", "pk": 21, "fields": {"member": 20, "name": "สอน Excel Power Map: การสร้างแผนที่ระดับตำบลของทั้งประเทศ", "slug": "s-n-excel-power-map-kaarsraangaephnthiiradabtamblkh-ngthangpraeths", "description": "คอร์สนี้สอนการสร้างกราฟแบบแผนที่ (Map) เป็นการนำเสนอข้อมูลที่เป็นข้อมูลที่อยู่ ไม่ว่าจะเป็น ชื่อประเทศ (Country) ชื่อจังหวัด (Province) ชื่อรัฐ (State) ชื่อเขต (County) ชื่อเมือง (City) ชื่ออำเภอ ชื่อตำบล/แขวง (District)  มานำเสนอเป็นแผนที่ ซึ่งแผนที่ประเภทนี้จะใช้ engine ของ Bing Map ต้องเชื่อมต่ออินเตอร์เน็ต เพื่อนำเสนอในรูปแบบของแผนที่ได้ ซึ่งสามารถปรับแต่งในเรื่องของสีสันและลักษณะของแผนที่ได้อีกด้วย", "image": "video/maxresdefault_lDK8vZa.jpg", "videoexample": "video/example/01_zsvaRHa.mp4", "videoexample_url": "/media/video/example/aca2d675-ded5-11ed-8fad-dcf505dba8ac.mp4", "category": 2, "category_sub": 3, "price": "450.00", "price_before": "480.00", "published": true, "created": "2023-04-19T17:03:44.202Z", "updated": "2023-04-22T16:11:46.438Z"}}, {"model": "video.video", "pk": 22, "fields": {"member": 19, "name": "Arduino Dev : สอนการใช้งานบอร์ด Arduino UNO", "slug": "arduino-dev-s-nkaaraichngaanb-rd-arduino-uno", "description": "คอร์ส สอน Arduino นี้ ได้สรุปและรวบรวม การเขียนโปรแกรมภาษา C พื้นฐาน การเรียนรู้ใช้งานความสามารถและฟังก์ชั่นพื้นฐานของ Arduino ทั้งหมดที่จำเป็น หลักสำคัญในการติดต่อและใช้งาน Sensor หรืออุปกรณ์ที่ต่อร่วมกับ Arduino คอร์สสอน Arduino นี้ ได้รวบรวมจากแหล่งความรู้หลาย ๆ ที่ โดยเฉพาะจาก Arduino.cc ที่เป็นผู้ผลิตและออกแบบ Arduino ทั้งหมดให้เราได้ใช้งาน ครอบคลุมชุด Arduino Starter Kit ของบริษัทใหญ่ระดับโลก เช่น Arduino.cc , Sparkfun , Adafruit จึงทดลองได้หลากหลาย และไม่จำเป็นต้องหาซื้อชุดทดลองที่แยกย่อย", "image": "video/maxresdefault_SZcfzdq.jpg", "videoexample": "video/example/01_mf2dLgK.mp4", "videoexample_url": "/media/video/example/9813e6cb-ded4-11ed-ae9e-dcf505dba8ac.mp4", "category": 1, "category_sub": 7, "price": "230.00", "price_before": "320.00", "published": true, "created": "2023-04-19T17:06:58.537Z", "updated": "2023-04-22T16:13:15.609Z"}}, {"model": "video.video", "pk": 23, "fields": {"member": 20, "name": "สอน Excel: รู้จักกับ PivotTable เบื้องต้น", "slug": "s-n-excel-ruucchakkab-pivottable-ebuue-ngtn", "description": "คอร์สนี้เป็นคอร์สย่อยของคอร์สเต็มชื่อ Excel Level Up Update 2020 : ยกระดับทักษะคุณ ทุ่นเวลาการทำงาน หากคุณได้ลงทะเบียนคอร์สเต็มไปแล้ว คุณไม่จำเป็นต้องลงเรียนคอร์สนี้ คอร์สย่อยนี้เป็นทางเลือกในราคาที่ย่อมเยาลง สำหรับผู้ที่อยากเรียนรู้แค่เรื่อง Pivot Table โดยไม่ได้อยากเรียนรู้เรื่องอื่น จึงไม่ต้องจ่ายในเรื่องที่ไม่ได้อยากรู้", "image": "video/maxresdefault_PL37NVc.jpg", "videoexample": "video/example/01_hPmk5MY.mp4", "videoexample_url": "/media/video/example/ba63e5d1-ded5-11ed-9ab8-dcf505dba8ac.mp4", "category": 2, "category_sub": 3, "price": "250.00", "price_before": "350.00", "published": true, "created": "2023-04-19T17:07:14.168Z", "updated": "2023-04-22T16:11:38.878Z"}}, {"model": "video.video", "pk": 24, "fields": {"member": 20, "name": "สอน Excel Office 365 ด้วย TEXTJOIN", "slug": "s-n-excel-office-365-dwy-textjoin", "description": "Excel Office 365 ซึ่งทำให้เราสามารถจะเชื่อมข้อมูลหลาย ๆ เซลล์เข้าด้วยกันโดยง่าย เมื่อเทียบกับการใช้ & และ CONCATENATE() และ TextJoin() ฟังก์ชันนี้อนุญาตให้ผู้ใช้กำหนดว่าจะใช้ตัวอักษรใดทำหน้าที่เป็นตัวแบ่งหรือคั่นข้อความจากแต่ละเซลล์ที่ต้องการทำมารวมกัน", "image": "video/maxresdefault_yFLBNld.jpg", "videoexample": "video/example/01_dYpT9o0.mp4", "videoexample_url": "/media/video/example/c526f7ee-ded5-11ed-b278-dcf505dba8ac.mp4", "category": 2, "category_sub": 3, "price": "150.00", "price_before": "250.00", "published": true, "created": "2023-04-19T17:09:36.511Z", "updated": "2023-04-22T16:11:33.669Z"}}, {"model": "video.video", "pk": 25, "fields": {"member": 20, "name": "การเขียนโปรแกรมภาษา R เบื้องต้น", "slug": "kaarekhiiynopraekrmphaasaa-r-ebuue-ngtn", "description": "รศ.ดร. ประเสริฐ คณาวัฒนไชย คณะพาณิชศาสตร์และการบัญชี จุฬาลงกรณ์มหาวิทยาลัย สอนการใช้งาน Excel, VBA, Macro, Word, PowerPoint, SQL, \r\nการเขียนโปรแกรมด้วยภาษาต่าง ๆ Python, PHP, Java, C, C#  พร้อมตัวอย่างการประยุกต์ \r\nการทำเหมืองข้อมูล Data mining, Machine learning, การใช้โปรแกรม R, ggplot2", "image": "video/maxresdefault_R6DbIzd.jpg", "videoexample": "video/example/01_32ihzBE.mp4", "videoexample_url": "/media/video/example/ffb51b28-ded4-11ed-b6af-dcf505dba8ac.mp4", "category": 1, "category_sub": 6, "price": "450.00", "price_before": "500.00", "published": true, "created": "2023-04-19T17:09:52.334Z", "updated": "2023-04-22T16:11:01.272Z"}}, {"model": "video.video", "pk": 26, "fields": {"member": 20, "name": "การทำ Machine Learning ด้วย Python และ SciKit-Learn", "slug": "kaartham-machine-learning-dwy-python-aela-scikit-learn", "description": "การเขียนโปรแกรมภาษาไพธอนสำหรับงานวิทยาศาสตร์ข้อมูลขั้นสูง เป็นการประยุกต์ใช้รากฐานของการเขียนโปรแกรมภาษาไพธอนเพื่อปฏิบัติการตามกระบวนการของวิทยาศาสตร์ข้อมูลด้วย Scikit-Learn ซึ่งถือเป็นอีกขั้นที่จะทำให้ผู้เรียนสามารถนำโปรแกรมไพธอนไปต่อยอดในการทำงานได้อย่างมีประสิทธิภาพ สิ่งที่คุณจะได้เรียนรู้, การทำความสะอาดข้อมูล, การใช้ Data Mining Technique ทั้ง Supervised Learning และ Unsupervised Learning, การสร้าง Data Visualization", "image": "video/maxresdefault_8kw3EMm.jpg", "videoexample": "video/example/01_na60IzN.mp4", "videoexample_url": "/media/video/example/62fbe7d5-df48-11ed-9fbd-dcf505dba8ac.mp4", "category": null, "category_sub": 1, "price": "550.00", "price_before": "650.00", "published": true, "created": "2023-04-19T17:11:16.510Z", "updated": "2023-04-22T16:11:22.826Z"}}, {"model": "video.video", "pk": 27, "fields": {"member": 20, "name": "สอนไพธอน Python 3 + MS SQL Server", "slug": "s-naiphth-n-python-3-ms-sql-server", "description": "หลักสูตรนี้จะเน้นสอนไปที่การดึงข้อมูลจากฐานข้อมูลด้วย SQL เพื่อให้สามารถใช้งาน SQL ในการดึงข้อมูลได้ตรงตามที่ผู้ใช้งานต้องการมากยิ่งขึ้น ได้ลองทำ Lab เพื่อให้เกิดการเข้าใจมากยิ่งขึ้นประโยชน์ที่จะได้รับจากคอร์สนี้ เข้าใจ SQL ว่ามีการทำงานอย่างไร, ได้ลอง ดึงข้อมูลหลากหลายแบบ และเรียนรู้การดึงข้อมูลตั้งแต่เบื้องต้นจนถึงขั้นสูง", "image": "video/maxresdefault_bz46fkI.jpg", "videoexample": "video/example/01_WE1Dlsw.mp4", "videoexample_url": "/media/video/example/812840ea-ded5-11ed-b6e9-dcf505dba8ac.mp4", "category": 1, "category_sub": 1, "price": "450.00", "price_before": "500.00", "published": true, "created": "2023-04-19T17:13:29.507Z", "updated": "2023-04-22T16:11:07.444Z"}}, {"model": "video.videochapter", "pk": 4, "fields": {"video": 12, "name": "แนะนำหลักสูตร", "ordered": 1, "created": "2023-04-18T09:48:15.562Z", "updated": "2023-04-18T09:48:15.562Z"}}, {"model": "video.videochapter", "pk": 5, "fields": {"video": 12, "name": "พื้นฐานการทำงาน", "ordered": 2, "created": "2023-04-18T09:48:24.158Z", "updated": "2023-04-18T09:48:24.158Z"}}, {"model": "video.videochapter", "pk": 6, "fields": {"video": 12, "name": "การตั้งค่า Admin", "ordered": 3, "created": "2023-04-18T09:48:33.244Z", "updated": "2023-04-18T09:48:33.244Z"}}, {"model": "video.videochapter", "pk": 7, "fields": {"video": 12, "name": "การแสดงรายการ & แบ่งหน้า", "ordered": 4, "created": "2023-04-18T09:48:40.060Z", "updated": "2023-04-18T09:48:40.060Z"}}, {"model": "video.videochapter", "pk": 8, "fields": {"video": 12, "name": "การจัดการข้อมูลในฟอร์ม", "ordered": 5, "created": "2023-04-18T09:48:47.417Z", "updated": "2023-04-18T09:48:47.417Z"}}, {"model": "video.videochapter", "pk": 9, "fields": {"video": 12, "name": "คลาสเบสวิว", "ordered": 6, "created": "2023-04-18T09:49:00.967Z", "updated": "2023-04-18T09:49:00.967Z"}}, {"model": "video.videochapter", "pk": 10, "fields": {"video": 12, "name": "ตะกร้าสินค้า", "ordered": 7, "created": "2023-04-18T09:49:14.846Z", "updated": "2023-04-18T09:49:14.846Z"}}, {"model": "video.videochapter", "pk": 11, "fields": {"video": 12, "name": "ล็อกอิน, ล็อกเอาต์ และการสมัครสมาชิก", "ordered": 8, "created": "2023-04-18T09:49:33.345Z", "updated": "2023-04-18T09:49:44.661Z"}}, {"model": "video.videochapter", "pk": 12, "fields": {"video": 12, "name": "การส่งอีเมล์", "ordered": 9, "created": "2023-04-18T09:49:54.362Z", "updated": "2023-04-18T09:49:54.362Z"}}, {"model": "video.videochapter", "pk": 13, "fields": {"video": 12, "name": "การสร้าง Rest API", "ordered": 10, "created": "2023-04-18T09:50:07.439Z", "updated": "2023-04-18T09:50:07.439Z"}}, {"model": "video.videochapter", "pk": 14, "fields": {"video": 12, "name": "การติดตั้ง", "ordered": 11, "created": "2023-04-18T09:50:15.578Z", "updated": "2023-04-18T09:50:15.578Z"}}, {"model": "video.videochapter", "pk": 15, "fields": {"video": 13, "name": "แนะนำ", "ordered": 0, "created": "2023-04-19T16:09:03.123Z", "updated": "2023-04-19T16:09:03.123Z"}}, {"model": "video.videochapter", "pk": 16, "fields": {"video": 13, "name": "ฐานข้อมูล", "ordered": 1, "created": "2023-04-19T16:09:08.939Z", "updated": "2023-04-19T16:09:08.939Z"}}, {"model": "video.videochapter", "pk": 17, "fields": {"video": 13, "name": "Routes & Controllers", "ordered": 2, "created": "2023-04-19T16:09:17.078Z", "updated": "2023-04-19T16:09:17.078Z"}}, {"model": "video.videochapter", "pk": 18, "fields": {"video": 13, "name": "API", "ordered": 3, "created": "2023-04-19T16:09:24.726Z", "updated": "2023-04-19T16:09:24.727Z"}}, {"model": "video.videochapter", "pk": 19, "fields": {"video": 13, "name": "Models & Schemas", "ordered": 4, "created": "2023-04-19T16:09:32.729Z", "updated": "2023-04-19T16:09:32.729Z"}}, {"model": "video.videochapter", "pk": 20, "fields": {"video": 13, "name": "การจัดการ Forms และ State Managements", "ordered": 5, "created": "2023-04-19T16:09:40.984Z", "updated": "2023-04-19T16:09:40.984Z"}}, {"model": "video.videochapter", "pk": 21, "fields": {"video": 13, "name": "การจัดการข้อมูล", "ordered": 6, "created": "2023-04-19T16:09:47.585Z", "updated": "2023-04-19T16:09:47.585Z"}}, {"model": "video.videochapter", "pk": 22, "fields": {"video": 13, "name": "การทำ Login / Logout และ Session", "ordered": 7, "created": "2023-04-19T16:09:53.527Z", "updated": "2023-04-19T16:09:53.527Z"}}, {"model": "video.videochapter", "pk": 23, "fields": {"video": 13, "name": "การติดตั้งลงใน Cloud Server", "ordered": 8, "created": "2023-04-19T16:09:59.968Z", "updated": "2023-04-19T16:09:59.968Z"}}, {"model": "video.videochapter", "pk": 24, "fields": {"video": 15, "name": "แนะนำคอร์สเรียน", "ordered": 0, "created": "2023-04-19T16:23:13.496Z", "updated": "2023-04-19T16:23:13.496Z"}}, {"model": "video.videochapter", "pk": 25, "fields": {"video": 15, "name": "ออกแบบ UX/UI ด้วย Adobe XD", "ordered": 1, "created": "2023-04-19T16:23:18.158Z", "updated": "2023-04-19T16:23:18.158Z"}}, {"model": "video.videochapter", "pk": 26, "fields": {"video": 15, "name": "การออกแบบแอปสำหรับสั่งอาหาร", "ordered": 2, "created": "2023-04-19T16:23:23.419Z", "updated": "2023-04-19T16:23:23.419Z"}}, {"model": "video.videochapter", "pk": 27, "fields": {"video": 14, "name": "แนะนำหลักสูตร", "ordered": 0, "created": "2023-04-19T16:46:25.559Z", "updated": "2023-04-19T16:46:25.559Z"}}, {"model": "video.videochapter", "pk": 28, "fields": {"video": 14, "name": "การสร้างโปรเจ็กต์", "ordered": 1, "created": "2023-04-19T16:47:58.821Z", "updated": "2023-04-19T16:47:58.821Z"}}, {"model": "video.videochapter", "pk": 29, "fields": {"video": 14, "name": "พื้นฐานการวาดวัตถุ", "ordered": 2, "created": "2023-04-19T16:48:40.253Z", "updated": "2023-04-19T16:48:40.253Z"}}, {"model": "video.videochapter", "pk": 30, "fields": {"video": 16, "name": "แนะนำหลักสูตร", "ordered": 0, "created": "2023-04-19T16:48:58.807Z", "updated": "2023-04-19T16:48:58.807Z"}}, {"model": "video.videochapter", "pk": 31, "fields": {"video": 16, "name": "การใช้งาน PHP", "ordered": 1, "created": "2023-04-19T16:49:03.412Z", "updated": "2023-04-19T16:49:03.412Z"}}, {"model": "video.videochapter", "pk": 32, "fields": {"video": 14, "name": "การเชื่อมต่อกับอุปกรณ์", "ordered": 3, "created": "2023-04-19T16:49:51.462Z", "updated": "2023-04-19T16:49:51.462Z"}}, {"model": "video.videochapter", "pk": 33, "fields": {"video": 14, "name": "การสร้างภาพเคลื่อนไหว", "ordered": 4, "created": "2023-04-19T16:51:11.479Z", "updated": "2023-04-19T16:51:11.479Z"}}, {"model": "video.videochapter", "pk": 34, "fields": {"video": 14, "name": "รายงานคะแนน", "ordered": 5, "created": "2023-04-19T16:52:45.647Z", "updated": "2023-04-19T16:52:45.647Z"}}, {"model": "video.videochapter", "pk": 35, "fields": {"video": 17, "name": "แนะนำคอร์สเรียน", "ordered": 0, "created": "2023-04-19T16:55:43.761Z", "updated": "2023-04-19T16:55:43.761Z"}}, {"model": "video.videochapter", "pk": 36, "fields": {"video": 18, "name": "แนะนำแอพ", "ordered": 0, "created": "2023-04-19T17:00:02.967Z", "updated": "2023-04-19T17:00:02.967Z"}}, {"model": "video.videochapter", "pk": 37, "fields": {"video": 18, "name": "ฟังก์ชัน & คลาสและวัตถุ", "ordered": 1, "created": "2023-04-19T17:00:08.859Z", "updated": "2023-04-19T17:00:08.859Z"}}, {"model": "video.videochapter", "pk": 38, "fields": {"video": 18, "name": "การสร้างแอพ", "ordered": 2, "created": "2023-04-19T17:00:12.470Z", "updated": "2023-04-19T17:00:12.470Z"}}, {"model": "video.videochapter", "pk": 39, "fields": {"video": 18, "name": "สถาปัตยกรรมแอป", "ordered": 3, "created": "2023-04-19T17:00:18.519Z", "updated": "2023-04-19T17:00:18.519Z"}}, {"model": "video.videochapter", "pk": 40, "fields": {"video": 20, "name": "Introduction", "ordered": 0, "created": "2023-04-19T17:04:09.302Z", "updated": "2023-04-19T17:04:09.302Z"}}, {"model": "video.videochapter", "pk": 41, "fields": {"video": 21, "name": "รู้จักแผนที่", "ordered": 0, "created": "2023-04-19T17:04:10.638Z", "updated": "2023-04-19T17:04:10.638Z"}}, {"model": "video.videochapter", "pk": 42, "fields": {"video": 20, "name": "Installing create-react-app", "ordered": 1, "created": "2023-04-19T17:04:14.184Z", "updated": "2023-04-19T17:04:14.185Z"}}, {"model": "video.videochapter", "pk": 43, "fields": {"video": 21, "name": "รายละเอียดแผนที่", "ordered": 1, "created": "2023-04-19T17:05:18.513Z", "updated": "2023-04-19T17:05:22.820Z"}}, {"model": "video.videochapter", "pk": 44, "fields": {"video": 23, "name": "แนะนำ", "ordered": 0, "created": "2023-04-19T17:07:25.701Z", "updated": "2023-04-19T17:07:25.701Z"}}, {"model": "video.videochapter", "pk": 45, "fields": {"video": 23, "name": "การใช้งานพื้นฐาน", "ordered": 1, "created": "2023-04-19T17:07:38.607Z", "updated": "2023-04-19T17:07:38.607Z"}}, {"model": "video.videochapter", "pk": 46, "fields": {"video": 22, "name": "สอน Arduino", "ordered": 0, "created": "2023-04-19T17:08:11.698Z", "updated": "2023-04-19T17:08:11.698Z"}}, {"model": "video.videochapter", "pk": 47, "fields": {"video": 22, "name": "เขียนโปรแกรม Arduino", "ordered": 1, "created": "2023-04-19T17:08:14.933Z", "updated": "2023-04-19T17:08:14.933Z"}}, {"model": "video.videochapter", "pk": 48, "fields": {"video": 24, "name": "การใช้ Text ของ Excels", "ordered": 0, "created": "2023-04-19T17:10:00.840Z", "updated": "2023-04-19T17:10:00.841Z"}}, {"model": "video.videochapter", "pk": 49, "fields": {"video": 25, "name": "Introduction", "ordered": 0, "created": "2023-04-19T17:10:19.734Z", "updated": "2023-04-19T17:10:19.734Z"}}, {"model": "video.videochapter", "pk": 50, "fields": {"video": 25, "name": "Data Structures", "ordered": 1, "created": "2023-04-19T17:10:24.226Z", "updated": "2023-04-19T17:10:24.226Z"}}, {"model": "video.videochapter", "pk": 51, "fields": {"video": 25, "name": "Statistics for Data Science", "ordered": 2, "created": "2023-04-19T17:10:29.294Z", "updated": "2023-04-19T17:10:29.294Z"}}, {"model": "video.videochapter", "pk": 52, "fields": {"video": 25, "name": "Machine Learning", "ordered": 3, "created": "2023-04-19T17:10:33.588Z", "updated": "2023-04-19T17:10:37.361Z"}}, {"model": "video.videochapter", "pk": 53, "fields": {"video": 25, "name": "Descriptive Statistics", "ordered": 4, "created": "2023-04-19T17:10:42.854Z", "updated": "2023-04-19T17:10:42.854Z"}}, {"model": "video.videochapter", "pk": 54, "fields": {"video": 26, "name": "Functions", "ordered": 0, "created": "2023-04-19T17:11:59.923Z", "updated": "2023-04-19T17:11:59.923Z"}}, {"model": "video.videochapter", "pk": 55, "fields": {"video": 26, "name": "Parameter and Call Arguments", "ordered": 1, "created": "2023-04-19T17:12:06.829Z", "updated": "2023-04-19T17:12:06.829Z"}}, {"model": "video.videochapter", "pk": 56, "fields": {"video": 27, "name": "การติดตั้ง", "ordered": 0, "created": "2023-04-19T17:14:02.320Z", "updated": "2023-04-19T17:14:02.320Z"}}, {"model": "video.videochapter", "pk": 57, "fields": {"video": 27, "name": "การเชื่อมต่อกับฐานข้อมูลเบื้องต้น", "ordered": 1, "created": "2023-04-19T17:14:09.943Z", "updated": "2023-04-19T17:14:09.943Z"}}, {"model": "video.videolesson", "pk": 4, "fields": {"videos": 12, "chapter": 4, "name": "การติดตั้ง & การสร้างโปรเจ็กต์", "duration_time": null, "lessonvideo": "", "video_url": "/media/video/lesson/video/f582fd57-ddce-11ed-a8af-dcf505dba8ac.mp4", "is_locked": false, "created": "2023-04-18T09:54:07.565Z", "updated": "2023-04-18T09:54:07.565Z", "ordered": 0}}, {"model": "video.videolesson", "pk": 5, "fields": {"videos": 12, "chapter": 5, "name": "ยูอาร์แอล,  วิว และ เทมเพลต", "duration_time": null, "lessonvideo": "", "video_url": "/media/video/lesson/video/381df80a-ddcf-11ed-9e03-dcf505dba8ac.mp4", "is_locked": true, "created": "2023-04-18T09:55:59.272Z", "updated": "2023-04-18T09:57:55.161Z", "ordered": 0}}, {"model": "video.videolesson", "pk": 6, "fields": {"videos": 12, "chapter": 5, "name": "โมเดล", "duration_time": null, "lessonvideo": "", "video_url": "/media/video/lesson/video/701f717f-ddcf-11ed-bfa3-dcf505dba8ac.mp4", "is_locked": true, "created": "2023-04-18T09:57:33.138Z", "updated": "2023-04-18T09:57:33.138Z", "ordered": 0}}, {"model": "video.videolesson", "pk": 7, "fields": {"videos": 12, "chapter": 6, "name": "การตั้งค่า Admin สำหรับจัดการข้อมูล", "duration_time": null, "lessonvideo": "", "video_url": "/media/video/lesson/video/b7ddb7c1-ddcf-11ed-9700-dcf505dba8ac.mp4", "is_locked": true, "created": "2023-04-18T09:59:33.867Z", "updated": "2023-04-18T09:59:33.867Z", "ordered": 0}}, {"model": "video.videolesson", "pk": 8, "fields": {"videos": 12, "chapter": 7, "name": "การแสดงรายการ แบ่งหน้า (Part 1)", "duration_time": null, "lessonvideo": "", "video_url": "/media/video/lesson/video/df499a2f-ddd0-11ed-bfec-dcf505dba8ac.mp4", "is_locked": true, "created": "2023-04-18T10:07:49.241Z", "updated": "2023-04-18T10:07:49.241Z", "ordered": 0}}, {"model": "video.videolesson", "pk": 9, "fields": {"videos": 12, "chapter": 7, "name": "การแสดงรายการ แบ่งหน้า (Part 2)", "duration_time": null, "lessonvideo": "", "video_url": "/media/video/lesson/video/09bb5599-ddd1-11ed-bb26-dcf505dba8ac.mp4", "is_locked": true, "created": "2023-04-18T10:09:00.409Z", "updated": "2023-04-18T10:09:00.409Z", "ordered": 0}}, {"model": "video.videolesson", "pk": 10, "fields": {"videos": 13, "chapter": 15, "name": "ติดตั้ง Git", "duration_time": "08:10", "lessonvideo": "", "video_url": null, "is_locked": true, "created": "2023-04-19T16:10:24.573Z", "updated": "2023-04-19T16:10:24.573Z", "ordered": 0}}, {"model": "video.videolesson", "pk": 11, "fields": {"videos": 13, "chapter": 15, "name": "ติดตั้ง Node.js", "duration_time": "12:48", "lessonvideo": "", "video_url": null, "is_locked": true, "created": "2023-04-19T16:10:39.432Z", "updated": "2023-04-19T16:10:39.432Z", "ordered": 1}}, {"model": "video.videolesson", "pk": 12, "fields": {"videos": 13, "chapter": 15, "name": "สร้างโปรเจ็กต์", "duration_time": "12:00", "lessonvideo": "", "video_url": null, "is_locked": true, "created": "2023-04-19T16:10:52.327Z", "updated": "2023-04-19T16:10:52.327Z", "ordered": 2}}, {"model": "video.videolesson", "pk": 13, "fields": {"videos": 13, "chapter": 15, "name": "ทำงานกับ Bootstrap5", "duration_time": "08:40", "lessonvideo": "", "video_url": null, "is_locked": true, "created": "2023-04-19T16:11:06.528Z", "updated": "2023-04-19T16:11:46.432Z", "ordered": 3}}, {"model": "video.videolesson", "pk": 14, "fields": {"videos": 13, "chapter": 15, "name": "ติดตั้ง Package Server", "duration_time": "12:00", "lessonvideo": "", "video_url": null, "is_locked": true, "created": "2023-04-19T16:11:19.681Z", "updated": "2023-04-19T16:11:58.254Z", "ordered": 4}}, {"model": "video.videolesson", "pk": 15, "fields": {"videos": 13, "chapter": 16, "name": "ารเชื่อมต่อฐานข้อมูล", "duration_time": "11:00", "lessonvideo": "", "video_url": null, "is_locked": true, "created": "2023-04-19T16:12:30.839Z", "updated": "2023-04-19T16:12:30.839Z", "ordered": 0}}, {"model": "video.videolesson", "pk": 16, "fields": {"videos": 13, "chapter": 16, "name": "การใช้งาน MongoDB Atlas", "duration_time": "12:00", "lessonvideo": "", "video_url": null, "is_locked": true, "created": "2023-04-19T16:12:43.514Z", "updated": "2023-04-19T16:12:43.514Z", "ordered": 1}}, {"model": "video.videolesson", "pk": 17, "fields": {"videos": 13, "chapter": 16, "name": "เชื่อมต่อฐานข้อมูลด้วย Mongoose", "duration_time": "15:11", "lessonvideo": "", "video_url": null, "is_locked": true, "created": "2023-04-19T16:12:54.784Z", "updated": "2023-04-19T16:12:57.971Z", "ordered": 2}}, {"model": "video.videolesson", "pk": 18, "fields": {"videos": 13, "chapter": 17, "name": "การสร้าง Route", "duration_time": null, "lessonvideo": "", "video_url": null, "is_locked": true, "created": "2023-04-19T16:13:09.443Z", "updated": "2023-04-19T16:13:09.443Z", "ordered": 0}}, {"model": "video.videolesson", "pk": 19, "fields": {"videos": 13, "chapter": 17, "name": "การสร้าง Controllers", "duration_time": null, "lessonvideo": "", "video_url": null, "is_locked": true, "created": "2023-04-19T16:13:15.697Z", "updated": "2023-04-19T16:13:15.697Z", "ordered": 1}}, {"model": "video.videolesson", "pk": 20, "fields": {"videos": 13, "chapter": 18, "name": "ทบทวนเรื่อง API", "duration_time": null, "lessonvideo": "", "video_url": null, "is_locked": true, "created": "2023-04-19T16:13:26.538Z", "updated": "2023-04-19T16:13:26.538Z", "ordered": 0}}, {"model": "video.videolesson", "pk": 21, "fields": {"videos": 13, "chapter": 18, "name": "ติดตั้ง Postman และทดสอบ API", "duration_time": null, "lessonvideo": "", "video_url": null, "is_locked": true, "created": "2023-04-19T16:13:32.875Z", "updated": "2023-04-19T16:13:32.875Z", "ordered": 1}}, {"model": "video.videolesson", "pk": 22, "fields": {"videos": 13, "chapter": 18, "name": "การเชื่อมโยงข้อมูลด้วย Axios", "duration_time": null, "lessonvideo": "", "video_url": null, "is_locked": true, "created": "2023-04-19T16:15:28.068Z", "updated": "2023-04-19T16:15:28.068Z", "ordered": 2}}, {"model": "video.videolesson", "pk": 23, "fields": {"videos": 12, "chapter": 8, "name": "การสร้างฟอร์ม", "duration_time": null, "lessonvideo": "", "video_url": "/media/video/lesson/video/7c2c26a6-dece-11ed-8ca1-dcf505dba8ac.mp4", "is_locked": true, "created": "2023-04-19T16:23:15.008Z", "updated": "2023-04-19T16:23:15.008Z", "ordered": 0}}, {"model": "video.videolesson", "pk": 24, "fields": {"videos": 15, "chapter": 24, "name": "วิธีการดาวน์โหลดเอกสารสำหรับผู้เรียน", "duration_time": null, "lessonvideo": "", "video_url": null, "is_locked": false, "created": "2023-04-19T16:23:33.821Z", "updated": "2023-04-19T16:23:33.821Z", "ordered": 0}}, {"model": "video.videolesson", "pk": 25, "fields": {"videos": 15, "chapter": 24, "name": "ทำความเข้าใจกับ UX/UI", "duration_time": null, "lessonvideo": "", "video_url": null, "is_locked": false, "created": "2023-04-19T16:23:40.567Z", "updated": "2023-04-19T16:23:40.567Z", "ordered": 1}}, {"model": "video.videolesson", "pk": 26, "fields": {"videos": 15, "chapter": 25, "name": "ทำความรู้จัก Features ใน Adobe XD (Home screen หน้าตาโปรแกรม)", "duration_time": null, "lessonvideo": "", "video_url": null, "is_locked": true, "created": "2023-04-19T16:23:54.261Z", "updated": "2023-04-19T16:23:54.261Z", "ordered": 0}}, {"model": "video.videolesson", "pk": 27, "fields": {"videos": 15, "chapter": 25, "name": "โหมดใช้งานของโปรแกรม (เช่น Design, Prototype, Share)", "duration_time": null, "lessonvideo": "", "video_url": null, "is_locked": true, "created": "2023-04-19T16:24:00.755Z", "updated": "2023-04-19T16:24:00.755Z", "ordered": 1}}, {"model": "video.videolesson", "pk": 28, "fields": {"videos": 15, "chapter": 25, "name": "การสร้างรูปเรขาคณิตแบบต่าง ๆ (เช่น สี่เหลี่ยม วงกลม สามเหลี่ยม)", "duration_time": null, "lessonvideo": "", "video_url": null, "is_locked": true, "created": "2023-04-19T16:29:17.893Z", "updated": "2023-04-19T16:29:17.893Z", "ordered": 2}}, {"model": "video.videolesson", "pk": 29, "fields": {"videos": 15, "chapter": 25, "name": "การสร้าง Text", "duration_time": null, "lessonvideo": "", "video_url": null, "is_locked": true, "created": "2023-04-19T16:29:23.564Z", "updated": "2023-04-19T16:29:23.564Z", "ordered": 3}}, {"model": "video.videolesson", "pk": 30, "fields": {"videos": 15, "chapter": 25, "name": "Artboard", "duration_time": null, "lessonvideo": "", "video_url": null, "is_locked": true, "created": "2023-04-19T16:29:29.817Z", "updated": "2023-04-19T16:29:29.817Z", "ordered": 4}}, {"model": "video.videolesson", "pk": 31, "fields": {"videos": 15, "chapter": 25, "name": "การติดตั้งและใช้งาน Plugin", "duration_time": null, "lessonvideo": "", "video_url": null, "is_locked": true, "created": "2023-04-19T16:29:36.929Z", "updated": "2023-04-19T16:29:36.929Z", "ordered": 5}}, {"model": "video.videolesson", "pk": 32, "fields": {"videos": 12, "chapter": 8, "name": "การใช้ Crispy Forms เพื่อจัดการข้อมูล", "duration_time": null, "lessonvideo": "", "video_url": "/media/video/lesson/video/6fdeb598-decf-11ed-8101-dcf505dba8ac.mp4", "is_locked": true, "created": "2023-04-19T16:30:03.662Z", "updated": "2023-04-19T16:30:03.662Z", "ordered": 1}}, {"model": "video.videolesson", "pk": 33, "fields": {"videos": 15, "chapter": 25, "name": "การทำ Prototyping", "duration_time": null, "lessonvideo": "", "video_url": null, "is_locked": true, "created": "2023-04-19T16:31:00.784Z", "updated": "2023-04-19T16:31:00.784Z", "ordered": 6}}, {"model": "video.videolesson", "pk": 34, "fields": {"videos": 15, "chapter": 25, "name": "การ Export File", "duration_time": null, "lessonvideo": "", "video_url": null, "is_locked": true, "created": "2023-04-19T16:31:14.128Z", "updated": "2023-04-19T16:31:14.128Z", "ordered": 7}}, {"model": "video.videolesson", "pk": 35, "fields": {"videos": 15, "chapter": 26, "name": "การเริ่มต้นสร้าง Wireframe", "duration_time": null, "lessonvideo": "", "video_url": null, "is_locked": true, "created": "2023-04-19T16:37:04.775Z", "updated": "2023-04-19T16:37:04.775Z", "ordered": 0}}, {"model": "video.videolesson", "pk": 36, "fields": {"videos": 15, "chapter": 26, "name": "การออกแบบ Register Screen", "duration_time": null, "lessonvideo": "", "video_url": null, "is_locked": true, "created": "2023-04-19T16:37:10.949Z", "updated": "2023-04-19T16:37:10.950Z", "ordered": 1}}, {"model": "video.videolesson", "pk": 37, "fields": {"videos": 15, "chapter": 26, "name": "Home screen and Log in screen", "duration_time": null, "lessonvideo": "", "video_url": null, "is_locked": true, "created": "2023-04-19T16:37:15.765Z", "updated": "2023-04-19T16:37:15.765Z", "ordered": 2}}, {"model": "video.videolesson", "pk": 38, "fields": {"videos": 15, "chapter": 26, "name": "Food categories screen", "duration_time": null, "lessonvideo": "", "video_url": null, "is_locked": true, "created": "2023-04-19T16:37:21.971Z", "updated": "2023-04-19T16:37:21.971Z", "ordered": 3}}, {"model": "video.videolesson", "pk": 39, "fields": {"videos": 15, "chapter": 26, "name": "Search menu screen", "duration_time": null, "lessonvideo": "", "video_url": null, "is_locked": true, "created": "2023-04-19T16:40:44.353Z", "updated": "2023-04-19T16:40:44.353Z", "ordered": 4}}, {"model": "video.videolesson", "pk": 40, "fields": {"videos": 15, "chapter": 26, "name": "Menu screen", "duration_time": null, "lessonvideo": "", "video_url": null, "is_locked": true, "created": "2023-04-19T16:40:50.105Z", "updated": "2023-04-19T16:40:50.105Z", "ordered": 5}}, {"model": "video.videolesson", "pk": 41, "fields": {"videos": 15, "chapter": 26, "name": "Food order screen", "duration_time": null, "lessonvideo": "", "video_url": null, "is_locked": true, "created": "2023-04-19T16:40:56.361Z", "updated": "2023-04-19T16:40:56.361Z", "ordered": 6}}, {"model": "video.videolesson", "pk": 42, "fields": {"videos": 15, "chapter": 26, "name": "Payment screen", "duration_time": null, "lessonvideo": "", "video_url": null, "is_locked": true, "created": "2023-04-19T16:41:09.378Z", "updated": "2023-04-19T16:41:09.378Z", "ordered": 7}}, {"model": "video.videolesson", "pk": 43, "fields": {"videos": 12, "chapter": 9, "name": "สร้างและใช้งานคลาสเบสวิว", "duration_time": null, "lessonvideo": "", "video_url": "/media/video/lesson/video/ffc97339-ded0-11ed-93b3-dcf505dba8ac.mp4", "is_locked": true, "created": "2023-04-19T16:41:14.596Z", "updated": "2023-04-19T16:41:14.596Z", "ordered": 0}}, {"model": "video.videolesson", "pk": 44, "fields": {"videos": 15, "chapter": 26, "name": "History screen", "duration_time": null, "lessonvideo": "", "video_url": null, "is_locked": true, "created": "2023-04-19T16:41:44.238Z", "updated": "2023-04-19T16:41:44.238Z", "ordered": 8}}, {"model": "video.videolesson", "pk": 45, "fields": {"videos": 12, "chapter": 10, "name": "การสร้างตะกร้าสินค้า", "duration_time": null, "lessonvideo": "", "video_url": "/media/video/lesson/video/8cdb9ffc-ded1-11ed-851a-dcf505dba8ac.mp4", "is_locked": true, "created": "2023-04-19T16:45:11.479Z", "updated": "2023-04-19T16:45:11.479Z", "ordered": 0}}, {"model": "video.videolesson", "pk": 46, "fields": {"videos": 14, "chapter": 27, "name": "ติดตั้ง Python", "duration_time": null, "lessonvideo": "", "video_url": null, "is_locked": true, "created": "2023-04-19T16:47:28.976Z", "updated": "2023-04-19T16:47:28.976Z", "ordered": 0}}, {"model": "video.videolesson", "pk": 47, "fields": {"videos": 14, "chapter": 27, "name": "ติดตั้ง Visual Studio Code", "duration_time": null, "lessonvideo": "", "video_url": null, "is_locked": true, "created": "2023-04-19T16:47:40.520Z", "updated": "2023-04-19T16:47:40.520Z", "ordered": 1}}, {"model": "video.videolesson", "pk": 48, "fields": {"videos": 14, "chapter": 27, "name": "ติดตั้ง Pygame", "duration_time": null, "lessonvideo": "", "video_url": null, "is_locked": true, "created": "2023-04-19T16:47:50.125Z", "updated": "2023-04-19T16:47:50.125Z", "ordered": 2}}, {"model": "video.videolesson", "pk": 49, "fields": {"videos": 12, "chapter": 11, "name": "การสร้างหน้า Login / Logout", "duration_time": null, "lessonvideo": "", "video_url": "/media/video/lesson/video/ef974eac-ded1-11ed-9e0e-dcf505dba8ac.mp4", "is_locked": true, "created": "2023-04-19T16:47:57.130Z", "updated": "2023-04-19T16:47:57.130Z", "ordered": 0}}, {"model": "video.videolesson", "pk": 50, "fields": {"videos": 14, "chapter": 28, "name": "สร้างโปรเจกต์เกม", "duration_time": null, "lessonvideo": "", "video_url": null, "is_locked": true, "created": "2023-04-19T16:48:12.793Z", "updated": "2023-04-19T16:48:12.793Z", "ordered": 0}}, {"model": "video.videolesson", "pk": 51, "fields": {"videos": 14, "chapter": 28, "name": "สร้างหน้าจอเกม (Screen)", "duration_time": null, "lessonvideo": "", "video_url": null, "is_locked": true, "created": "2023-04-19T16:48:28.629Z", "updated": "2023-04-19T16:48:28.629Z", "ordered": 1}}, {"model": "video.videolesson", "pk": 52, "fields": {"videos": 14, "chapter": 29, "name": "กำหนดสี (Color)", "duration_time": null, "lessonvideo": "", "video_url": null, "is_locked": true, "created": "2023-04-19T16:48:54.299Z", "updated": "2023-04-19T16:48:54.299Z", "ordered": 0}}, {"model": "video.videolesson", "pk": 53, "fields": {"videos": 14, "chapter": 29, "name": "การวาดรูปทรงต่างๆ", "duration_time": null, "lessonvideo": "", "video_url": null, "is_locked": true, "created": "2023-04-19T16:49:07.094Z", "updated": "2023-04-19T16:49:07.094Z", "ordered": 1}}, {"model": "video.videolesson", "pk": 54, "fields": {"videos": 14, "chapter": 29, "name": "การแสดงข้อความ (Sys Font)", "duration_time": null, "lessonvideo": "", "video_url": null, "is_locked": true, "created": "2023-04-19T16:49:14.915Z", "updated": "2023-04-19T16:49:14.915Z", "ordered": 2}}, {"model": "video.videolesson", "pk": 55, "fields": {"videos": 14, "chapter": 29, "name": "กำหนดฟอนต์ข้อความ (Custom Font)", "duration_time": null, "lessonvideo": "", "video_url": null, "is_locked": true, "created": "2023-04-19T16:49:24.092Z", "updated": "2023-04-19T16:49:24.092Z", "ordered": 3}}, {"model": "video.videolesson", "pk": 56, "fields": {"videos": 14, "chapter": 29, "name": "การใช้งานรูปภาพ", "duration_time": null, "lessonvideo": "", "video_url": null, "is_locked": true, "created": "2023-04-19T16:49:33.659Z", "updated": "2023-04-19T16:49:33.659Z", "ordered": 4}}, {"model": "video.videolesson", "pk": 57, "fields": {"videos": 16, "chapter": 30, "name": "ดาวน์โหลดและติดตั้ง Composer", "duration_time": null, "lessonvideo": "", "video_url": null, "is_locked": true, "created": "2023-04-19T16:49:34.403Z", "updated": "2023-04-19T16:49:34.403Z", "ordered": 0}}, {"model": "video.videolesson", "pk": 58, "fields": {"videos": 16, "chapter": 30, "name": "ดาวน์โหลดและติดตั้ง Virtual Box", "duration_time": null, "lessonvideo": "", "video_url": null, "is_locked": true, "created": "2023-04-19T16:49:38.664Z", "updated": "2023-04-19T16:49:38.664Z", "ordered": 1}}, {"model": "video.videolesson", "pk": 59, "fields": {"videos": 16, "chapter": 30, "name": "ดาวน์โหลดและติดตั้ง Vagrant", "duration_time": null, "lessonvideo": "", "video_url": null, "is_locked": true, "created": "2023-04-19T16:49:43.571Z", "updated": "2023-04-19T16:49:43.571Z", "ordered": 2}}, {"model": "video.videolesson", "pk": 60, "fields": {"videos": 16, "chapter": 30, "name": "ดาวน์โหลดและติดตั้ง Visual Studio Code พร้อมส่วนเสริมที่จำเป็น", "duration_time": null, "lessonvideo": "", "video_url": null, "is_locked": true, "created": "2023-04-19T16:49:50.346Z", "updated": "2023-04-19T16:49:50.346Z", "ordered": 3}}, {"model": "video.videolesson", "pk": 61, "fields": {"videos": 16, "chapter": 30, "name": "ดาวน์โหลดและติดตั้ง Git", "duration_time": null, "lessonvideo": "", "video_url": null, "is_locked": true, "created": "2023-04-19T16:49:57.413Z", "updated": "2023-04-19T16:49:57.413Z", "ordered": 4}}, {"model": "video.videolesson", "pk": 62, "fields": {"videos": 12, "chapter": 12, "name": "วิธีส่งอีเมล์", "duration_time": null, "lessonvideo": "", "video_url": "/media/video/lesson/video/38a7ba9b-ded2-11ed-8561-dcf505dba8ac.mp4", "is_locked": true, "created": "2023-04-19T16:49:59.556Z", "updated": "2023-04-19T16:49:59.556Z", "ordered": 0}}, {"model": "video.videolesson", "pk": 63, "fields": {"videos": 16, "chapter": 30, "name": "ดาวน์โหลดและติดตั้ง NodeJS และ NPM", "duration_time": null, "lessonvideo": "", "video_url": null, "is_locked": true, "created": "2023-04-19T16:50:02.874Z", "updated": "2023-04-19T16:50:02.874Z", "ordered": 5}}, {"model": "video.videolesson", "pk": 64, "fields": {"videos": 14, "chapter": 32, "name": "รู้จักกับ getRect()", "duration_time": null, "lessonvideo": "", "video_url": null, "is_locked": true, "created": "2023-04-19T16:50:07.968Z", "updated": "2023-04-19T16:50:07.968Z", "ordered": 0}}, {"model": "video.videolesson", "pk": 65, "fields": {"videos": 16, "chapter": 30, "name": "ดาวน์โหลดและติดตั้ง Postman สำหรับไว้ทดสอบ API", "duration_time": null, "lessonvideo": "", "video_url": null, "is_locked": true, "created": "2023-04-19T16:50:09.238Z", "updated": "2023-04-19T16:50:09.238Z", "ordered": 6}}, {"model": "video.videolesson", "pk": 66, "fields": {"videos": 14, "chapter": 32, "name": "ตั้งค่าวัตถุด้วย getRect()", "duration_time": null, "lessonvideo": "", "video_url": null, "is_locked": true, "created": "2023-04-19T16:50:17.056Z", "updated": "2023-04-19T16:50:17.056Z", "ordered": 1}}, {"model": "video.videolesson", "pk": 67, "fields": {"videos": 16, "chapter": 31, "name": "การติดตั้ง PHP และปรับแต่งสภาพแวดล้อมสำหรับการทำงาน", "duration_time": null, "lessonvideo": "", "video_url": null, "is_locked": true, "created": "2023-04-19T16:50:19.305Z", "updated": "2023-04-19T16:50:19.305Z", "ordered": 0}}, {"model": "video.videolesson", "pk": 68, "fields": {"videos": 14, "chapter": 32, "name": "รับค่าจากเมาส์ (Mouse)", "duration_time": null, "lessonvideo": "", "video_url": null, "is_locked": true, "created": "2023-04-19T16:50:24.682Z", "updated": "2023-04-19T16:50:24.682Z", "ordered": 2}}, {"model": "video.videolesson", "pk": 69, "fields": {"videos": 16, "chapter": 31, "name": "การติดตั้ง IDE ที่ใช้เขียนโปรแกรม เช่น VS Code , Sublime Text หรือ ATOM", "duration_time": null, "lessonvideo": "", "video_url": null, "is_locked": true, "created": "2023-04-19T16:50:25.210Z", "updated": "2023-04-19T16:50:25.210Z", "ordered": 1}}, {"model": "video.videolesson", "pk": 70, "fields": {"videos": 16, "chapter": 31, "name": "การติดตั้ง Composer", "duration_time": null, "lessonvideo": "", "video_url": null, "is_locked": true, "created": "2023-04-19T16:50:30.120Z", "updated": "2023-04-19T16:50:33.313Z", "ordered": 2}}, {"model": "video.videolesson", "pk": 71, "fields": {"videos": 14, "chapter": 32, "name": "รับค่าจากคีย์บอร์ด (Keyboard)", "duration_time": null, "lessonvideo": "", "video_url": null, "is_locked": true, "created": "2023-04-19T16:50:32.082Z", "updated": "2023-04-19T16:50:32.082Z", "ordered": 3}}, {"model": "video.videolesson", "pk": 72, "fields": {"videos": 16, "chapter": 31, "name": "การเริ่มต้นสร้างโปรเจ็กต์ใหม่ด้วย Laravel 7", "duration_time": null, "lessonvideo": "", "video_url": null, "is_locked": true, "created": "2023-04-19T16:50:38.162Z", "updated": "2023-04-19T16:50:38.162Z", "ordered": 3}}, {"model": "video.videolesson", "pk": 73, "fields": {"videos": 16, "chapter": 31, "name": "การตั้งค่า Virtual Hosts", "duration_time": null, "lessonvideo": "", "video_url": null, "is_locked": true, "created": "2023-04-19T16:50:43.146Z", "updated": "2023-04-19T16:50:46.584Z", "ordered": 4}}, {"model": "video.videolesson", "pk": 74, "fields": {"videos": 16, "chapter": 31, "name": "การเปิดโปรเจ็กต์ Laravel 7 ใน IDE", "duration_time": null, "lessonvideo": "", "video_url": null, "is_locked": true, "created": "2023-04-19T16:51:00.319Z", "updated": "2023-04-19T16:51:04.116Z", "ordered": 5}}, {"model": "video.videolesson", "pk": 75, "fields": {"videos": 14, "chapter": 33, "name": "สร้างภาพเคลื่อนไหว", "duration_time": null, "lessonvideo": "", "video_url": null, "is_locked": true, "created": "2023-04-19T16:51:36.460Z", "updated": "2023-04-19T16:51:36.460Z", "ordered": 0}}, {"model": "video.videolesson", "pk": 76, "fields": {"videos": 14, "chapter": 33, "name": "การกำหนด Frame Rate (FPS)", "duration_time": null, "lessonvideo": "", "video_url": null, "is_locked": true, "created": "2023-04-19T16:51:46.002Z", "updated": "2023-04-19T16:51:46.002Z", "ordered": 1}}, {"model": "video.videolesson", "pk": 77, "fields": {"videos": 14, "chapter": 33, "name": "ขอบเขตหน้าจอเกม (Bound Screen)", "duration_time": null, "lessonvideo": "", "video_url": null, "is_locked": true, "created": "2023-04-19T16:51:53.767Z", "updated": "2023-04-19T16:51:53.767Z", "ordered": 2}}, {"model": "video.videolesson", "pk": 78, "fields": {"videos": 14, "chapter": 33, "name": "การชนของวัตถุในเกม (Collision)", "duration_time": null, "lessonvideo": "", "video_url": null, "is_locked": true, "created": "2023-04-19T16:52:01.222Z", "updated": "2023-04-19T16:52:01.222Z", "ordered": 3}}, {"model": "video.videolesson", "pk": 79, "fields": {"videos": 14, "chapter": 33, "name": "เช็คการชนด้วย CollideRect", "duration_time": null, "lessonvideo": "", "video_url": null, "is_locked": true, "created": "2023-04-19T16:52:08.937Z", "updated": "2023-04-19T16:52:08.937Z", "ordered": 4}}, {"model": "video.videolesson", "pk": 80, "fields": {"videos": 14, "chapter": 33, "name": "ออกแบบระบบเกม", "duration_time": null, "lessonvideo": "", "video_url": null, "is_locked": true, "created": "2023-04-19T16:52:17.364Z", "updated": "2023-04-19T16:52:17.364Z", "ordered": 5}}, {"model": "video.videolesson", "pk": 81, "fields": {"videos": 14, "chapter": 33, "name": "เคลื่อนที่ลูกบอล", "duration_time": null, "lessonvideo": "", "video_url": null, "is_locked": true, "created": "2023-04-19T16:52:32.944Z", "updated": "2023-04-19T16:52:32.944Z", "ordered": 6}}, {"model": "video.videolesson", "pk": 82, "fields": {"videos": 14, "chapter": 34, "name": "นับคะแนนในเกม", "duration_time": null, "lessonvideo": "", "video_url": null, "is_locked": true, "created": "2023-04-19T16:52:53.320Z", "updated": "2023-04-19T16:52:53.320Z", "ordered": 0}}, {"model": "video.videolesson", "pk": 83, "fields": {"videos": 14, "chapter": 34, "name": "แสดงผลคะแนน", "duration_time": null, "lessonvideo": "", "video_url": null, "is_locked": true, "created": "2023-04-19T16:52:59.322Z", "updated": "2023-04-19T16:52:59.322Z", "ordered": 1}}, {"model": "video.videolesson", "pk": 84, "fields": {"videos": 12, "chapter": 13, "name": "การสร้าง Rest API ด้วย Django Rest framework", "duration_time": null, "lessonvideo": "", "video_url": "/media/video/lesson/video/c599ad3e-ded2-11ed-b0af-dcf505dba8ac.mp4", "is_locked": true, "created": "2023-04-19T16:53:56.073Z", "updated": "2023-04-19T16:53:56.073Z", "ordered": 0}}, {"model": "video.videolesson", "pk": 85, "fields": {"videos": 17, "chapter": 35, "name": "วิธีการดาวน์โหลดเอกสารสำหรับผู้เรียน", "duration_time": null, "lessonvideo": "", "video_url": null, "is_locked": false, "created": "2023-04-19T16:56:00.238Z", "updated": "2023-04-19T16:56:00.239Z", "ordered": 0}}, {"model": "video.videolesson", "pk": 86, "fields": {"videos": 17, "chapter": 35, "name": "ทำความเข้าใจกับ Arms", "duration_time": null, "lessonvideo": "", "video_url": null, "is_locked": false, "created": "2023-04-19T16:56:07.149Z", "updated": "2023-04-19T16:56:07.149Z", "ordered": 1}}, {"model": "video.videolesson", "pk": 87, "fields": {"videos": 12, "chapter": 14, "name": "การติดตั้งลงเซิร์ฟเวอร์", "duration_time": null, "lessonvideo": "", "video_url": "/media/video/lesson/video/3b29f523-ded3-11ed-b657-dcf505dba8ac.mp4", "is_locked": false, "created": "2023-04-19T16:57:13.367Z", "updated": "2023-04-19T16:57:13.367Z", "ordered": 0}}, {"model": "video.videolesson", "pk": 88, "fields": {"videos": 18, "chapter": 36, "name": "ข้อมูลเบื้องต้นเกี่ยวกับ Kotlin", "duration_time": null, "lessonvideo": "", "video_url": null, "is_locked": true, "created": "2023-04-19T17:00:35.382Z", "updated": "2023-04-19T17:00:35.382Z", "ordered": 0}}, {"model": "video.videolesson", "pk": 89, "fields": {"videos": 18, "chapter": 37, "name": "ฟังก์ชั่น", "duration_time": null, "lessonvideo": "", "video_url": null, "is_locked": true, "created": "2023-04-19T17:00:42.936Z", "updated": "2023-04-19T17:00:42.936Z", "ordered": 0}}, {"model": "video.videolesson", "pk": 90, "fields": {"videos": 18, "chapter": 37, "name": "คลาสและวัตถุ", "duration_time": null, "lessonvideo": "", "video_url": null, "is_locked": true, "created": "2023-04-19T17:00:46.801Z", "updated": "2023-04-19T17:00:46.801Z", "ordered": 1}}, {"model": "video.videolesson", "pk": 91, "fields": {"videos": 18, "chapter": 38, "name": "สร้างแอป Android แอปแรกของคุณ", "duration_time": null, "lessonvideo": "", "video_url": null, "is_locked": true, "created": "2023-04-19T17:00:55.595Z", "updated": "2023-04-19T17:00:55.596Z", "ordered": 0}}, {"model": "video.videolesson", "pk": 92, "fields": {"videos": 18, "chapter": 38, "name": "เลย์เอาต์", "duration_time": null, "lessonvideo": "", "video_url": null, "is_locked": true, "created": "2023-04-19T17:01:00.026Z", "updated": "2023-04-19T17:01:00.026Z", "ordered": 1}}, {"model": "video.videolesson", "pk": 93, "fields": {"videos": 18, "chapter": 38, "name": "การไปยังส่วนต่างๆ ของแอป", "duration_time": null, "lessonvideo": "", "video_url": null, "is_locked": true, "created": "2023-04-19T17:01:04.509Z", "updated": "2023-04-19T17:01:04.509Z", "ordered": 2}}, {"model": "video.videolesson", "pk": 94, "fields": {"videos": 18, "chapter": 38, "name": "กิจกรรมและวงจรของ Fragment", "duration_time": null, "lessonvideo": "", "video_url": null, "is_locked": true, "created": "2023-04-19T17:01:09.687Z", "updated": "2023-04-19T17:01:09.687Z", "ordered": 3}}, {"model": "video.videolesson", "pk": 95, "fields": {"videos": 18, "chapter": 39, "name": "สถาปัตยกรรมแอป (เลเยอร์ของ UI)", "duration_time": null, "lessonvideo": "", "video_url": null, "is_locked": true, "created": "2023-04-19T17:01:19.145Z", "updated": "2023-04-19T17:01:19.145Z", "ordered": 0}}, {"model": "video.videolesson", "pk": 96, "fields": {"videos": 18, "chapter": 39, "name": "สถาปัตยกรรมแอป (เลเยอร์ถาวร)", "duration_time": null, "lessonvideo": "", "video_url": null, "is_locked": true, "created": "2023-04-19T17:01:23.937Z", "updated": "2023-04-19T17:01:23.937Z", "ordered": 1}}, {"model": "video.videolesson", "pk": 97, "fields": {"videos": 18, "chapter": 39, "name": "กรณีการใช้งานของ RecyclerView ขั้นสูง", "duration_time": null, "lessonvideo": "", "video_url": null, "is_locked": true, "created": "2023-04-19T17:01:29.440Z", "updated": "2023-04-19T17:01:32.674Z", "ordered": 2}}, {"model": "video.videolesson", "pk": 98, "fields": {"videos": 18, "chapter": 39, "name": "เชื่อมต่ออินเทอร์เน็ต", "duration_time": null, "lessonvideo": "", "video_url": null, "is_locked": true, "created": "2023-04-19T17:01:37.528Z", "updated": "2023-04-19T17:01:37.528Z", "ordered": 3}}, {"model": "video.videolesson", "pk": 99, "fields": {"videos": 18, "chapter": 39, "name": "รูปแบบที่เก็บข้อมูลและ WorkManager", "duration_time": null, "lessonvideo": "", "video_url": null, "is_locked": true, "created": "2023-04-19T17:01:44.378Z", "updated": "2023-04-19T17:01:44.378Z", "ordered": 4}}, {"model": "video.videolesson", "pk": 100, "fields": {"videos": 18, "chapter": 39, "name": "การออกแบบ UI ของแอป", "duration_time": null, "lessonvideo": "", "video_url": null, "is_locked": true, "created": "2023-04-19T17:01:50.674Z", "updated": "2023-04-19T17:01:50.674Z", "ordered": 5}}, {"model": "video.videolesson", "pk": 101, "fields": {"videos": 20, "chapter": 40, "name": "Requirements", "duration_time": null, "lessonvideo": "", "video_url": null, "is_locked": true, "created": "2023-04-19T17:04:21.399Z", "updated": "2023-04-19T17:04:21.399Z", "ordered": 0}}, {"model": "video.videolesson", "pk": 102, "fields": {"videos": 21, "chapter": 41, "name": "วิธีการดาวน์โหลดไฟล์แผนที่ระดับตำบล", "duration_time": null, "lessonvideo": "", "video_url": null, "is_locked": true, "created": "2023-04-19T17:04:22.915Z", "updated": "2023-04-19T17:04:22.915Z", "ordered": 0}}, {"model": "video.videolesson", "pk": 103, "fields": {"videos": 20, "chapter": 42, "name": "Installing an extension to help generate React components and convert HTML to JSX", "duration_time": null, "lessonvideo": "", "video_url": null, "is_locked": true, "created": "2023-04-19T17:04:32.216Z", "updated": "2023-04-19T17:04:32.216Z", "ordered": 0}}, {"model": "video.videolesson", "pk": 104, "fields": {"videos": 21, "chapter": 41, "name": "สร้างแผนที่ทุกตำบลของประเทศไทย", "duration_time": null, "lessonvideo": "", "video_url": null, "is_locked": true, "created": "2023-04-19T17:05:08.497Z", "updated": "2023-04-19T17:05:08.497Z", "ordered": 1}}, {"model": "video.videolesson", "pk": 105, "fields": {"videos": 20, "chapter": 42, "name": "Add AdminLTE", "duration_time": null, "lessonvideo": "", "video_url": null, "is_locked": true, "created": "2023-04-19T17:05:21.792Z", "updated": "2023-04-19T17:05:21.792Z", "ordered": 1}}, {"model": "video.videolesson", "pk": 106, "fields": {"videos": 21, "chapter": 43, "name": "การปรับแต่ง Data Card เพื่อแสดงรายละเอียดของแผนที่", "duration_time": null, "lessonvideo": "", "video_url": null, "is_locked": true, "created": "2023-04-19T17:05:30.833Z", "updated": "2023-04-19T17:05:30.833Z", "ordered": 0}}, {"model": "video.videolesson", "pk": 107, "fields": {"videos": 21, "chapter": 43, "name": "การใช้ category เพื่อแสดงการสีของตำบลแยกตามอำเภอและจังหวัด", "duration_time": null, "lessonvideo": "", "video_url": null, "is_locked": true, "created": "2023-04-19T17:05:37.139Z", "updated": "2023-04-19T17:05:37.139Z", "ordered": 1}}, {"model": "video.videolesson", "pk": 108, "fields": {"videos": 21, "chapter": 43, "name": "สร้างแผนที่ทุกตำบลเฉพาะบางจังหวัด", "duration_time": null, "lessonvideo": "", "video_url": null, "is_locked": true, "created": "2023-04-19T17:05:45.359Z", "updated": "2023-04-19T17:05:45.359Z", "ordered": 2}}, {"model": "video.videolesson", "pk": 109, "fields": {"videos": 20, "chapter": 42, "name": "Create the header, sidebar, and footer components.", "duration_time": null, "lessonvideo": "", "video_url": null, "is_locked": true, "created": "2023-04-19T17:05:45.432Z", "updated": "2023-04-19T17:05:45.432Z", "ordered": 2}}, {"model": "video.videolesson", "pk": 110, "fields": {"videos": 20, "chapter": 42, "name": "Install Node.js package", "duration_time": null, "lessonvideo": "", "video_url": null, "is_locked": true, "created": "2023-04-19T17:05:50.540Z", "updated": "2023-04-19T17:05:50.540Z", "ordered": 3}}, {"model": "video.videolesson", "pk": 111, "fields": {"videos": 20, "chapter": 42, "name": "Set up MongoDB cloud", "duration_time": null, "lessonvideo": "", "video_url": null, "is_locked": true, "created": "2023-04-19T17:05:54.858Z", "updated": "2023-04-19T17:05:54.858Z", "ordered": 4}}, {"model": "video.videolesson", "pk": 112, "fields": {"videos": 23, "chapter": 44, "name": "เตรียมข้อมูลให้เป็น Database", "duration_time": null, "lessonvideo": "", "video_url": null, "is_locked": true, "created": "2023-04-19T17:07:51.513Z", "updated": "2023-04-19T17:07:51.513Z", "ordered": 0}}, {"model": "video.videolesson", "pk": 113, "fields": {"videos": 23, "chapter": 44, "name": "สอนใช้ Pivot Table ครั้งแรก", "duration_time": null, "lessonvideo": "", "video_url": null, "is_locked": true, "created": "2023-04-19T17:08:00.110Z", "updated": "2023-04-19T17:08:00.110Z", "ordered": 1}}, {"model": "video.videolesson", "pk": 114, "fields": {"videos": 23, "chapter": 44, "name": "ข้อจำกัดของ Pivot Table", "duration_time": null, "lessonvideo": "", "video_url": null, "is_locked": true, "created": "2023-04-19T17:08:04.979Z", "updated": "2023-04-19T17:08:04.979Z", "ordered": 2}}, {"model": "video.videolesson", "pk": 115, "fields": {"videos": 23, "chapter": 44, "name": "การทำข้อมูลให้เป็น Table ก่อนจะ Pivot", "duration_time": null, "lessonvideo": "", "video_url": null, "is_locked": true, "created": "2023-04-19T17:08:12.339Z", "updated": "2023-04-19T17:08:12.339Z", "ordered": 3}}, {"model": "video.videolesson", "pk": 116, "fields": {"videos": 23, "chapter": 45, "name": "การ Refresh", "duration_time": null, "lessonvideo": "", "video_url": null, "is_locked": true, "created": "2023-04-19T17:08:23.178Z", "updated": "2023-04-19T17:08:23.179Z", "ordered": 0}}, {"model": "video.videolesson", "pk": 117, "fields": {"videos": 22, "chapter": 46, "name": "การติดตั้งและใช้งาน Arduino IDE", "duration_time": null, "lessonvideo": "", "video_url": null, "is_locked": true, "created": "2023-04-19T17:08:26.713Z", "updated": "2023-04-19T17:08:26.713Z", "ordered": 0}}, {"model": "video.videolesson", "pk": 118, "fields": {"videos": 23, "chapter": 45, "name": "เรื่องของ Filter Context", "duration_time": null, "lessonvideo": "", "video_url": null, "is_locked": true, "created": "2023-04-19T17:08:30.309Z", "updated": "2023-04-19T17:08:30.309Z", "ordered": 1}}, {"model": "video.videolesson", "pk": 119, "fields": {"videos": 22, "chapter": 47, "name": "ประกาศตัวแปร", "duration_time": null, "lessonvideo": "", "video_url": null, "is_locked": true, "created": "2023-04-19T17:08:34.229Z", "updated": "2023-04-19T17:08:34.229Z", "ordered": 0}}, {"model": "video.videolesson", "pk": 120, "fields": {"videos": 23, "chapter": 45, "name": "การปรับวิธีสรุปผลจาก SUM เป็นอย่างอื่น", "duration_time": null, "lessonvideo": "", "video_url": null, "is_locked": true, "created": "2023-04-19T17:08:36.949Z", "updated": "2023-04-19T17:08:36.949Z", "ordered": 2}}, {"model": "video.videolesson", "pk": 121, "fields": {"videos": 22, "chapter": 47, "name": "เช็คเงื่อนไข", "duration_time": null, "lessonvideo": "", "video_url": null, "is_locked": true, "created": "2023-04-19T17:08:37.981Z", "updated": "2023-04-19T17:08:37.981Z", "ordered": 1}}, {"model": "video.videolesson", "pk": 122, "fields": {"videos": 22, "chapter": 47, "name": "ควบคุมขา Digital OUTPUT", "duration_time": null, "lessonvideo": "", "video_url": null, "is_locked": true, "created": "2023-04-19T17:08:42.149Z", "updated": "2023-04-19T17:08:42.149Z", "ordered": 2}}, {"model": "video.videolesson", "pk": 123, "fields": {"videos": 23, "chapter": 45, "name": "การ Sort ข้อมูลใน Pivot", "duration_time": null, "lessonvideo": "", "video_url": null, "is_locked": true, "created": "2023-04-19T17:08:46.208Z", "updated": "2023-04-19T17:08:46.208Z", "ordered": 3}}, {"model": "video.videolesson", "pk": 124, "fields": {"videos": 22, "chapter": 47, "name": "ควบคุมขา Digital INPUT", "duration_time": null, "lessonvideo": "", "video_url": null, "is_locked": true, "created": "2023-04-19T17:08:46.544Z", "updated": "2023-04-19T17:08:46.544Z", "ordered": 3}}, {"model": "video.videolesson", "pk": 125, "fields": {"videos": 22, "chapter": 47, "name": "ควบคุมขา Analog OUTPUT", "duration_time": null, "lessonvideo": "", "video_url": null, "is_locked": true, "created": "2023-04-19T17:08:50.855Z", "updated": "2023-04-19T17:08:50.855Z", "ordered": 4}}, {"model": "video.videolesson", "pk": 126, "fields": {"videos": 24, "chapter": 48, "name": "การรวมเซลล์ข้อมูลที่อยู่ซึ่งถูกแยกจัดเก็บเป็นบ้านเลขที่", "duration_time": null, "lessonvideo": "", "video_url": null, "is_locked": true, "created": "2023-04-19T17:10:09.486Z", "updated": "2023-04-19T17:10:09.486Z", "ordered": 0}}, {"model": "video.videolesson", "pk": 127, "fields": {"videos": 24, "chapter": 48, "name": "การทำ TEXTJOIN ในกรณีที่ข้อมูลเป็นวันที่", "duration_time": null, "lessonvideo": "", "video_url": null, "is_locked": true, "created": "2023-04-19T17:10:15.144Z", "updated": "2023-04-19T17:10:15.144Z", "ordered": 1}}, {"model": "video.videolesson", "pk": 128, "fields": {"videos": 24, "chapter": 48, "name": "เทคนิคการใช้ TEXTJOIN ร่วมกับสูตรแบบอะเรย์ (array formula) เพื่อจัดรูปแบบตัวเลข", "duration_time": null, "lessonvideo": "", "video_url": null, "is_locked": true, "created": "2023-04-19T17:10:25.915Z", "updated": "2023-04-19T17:10:25.915Z", "ordered": 2}}, {"model": "video.videolesson", "pk": 129, "fields": {"videos": 25, "chapter": 49, "name": "Introduction to Business Analytics ​", "duration_time": null, "lessonvideo": "", "video_url": null, "is_locked": true, "created": "2023-04-19T17:10:52.295Z", "updated": "2023-04-19T17:10:52.295Z", "ordered": 0}}, {"model": "video.videolesson", "pk": 130, "fields": {"videos": 25, "chapter": 49, "name": "Introduction to R Programming", "duration_time": null, "lessonvideo": "", "video_url": null, "is_locked": true, "created": "2023-04-19T17:10:57.655Z", "updated": "2023-04-19T17:10:57.655Z", "ordered": 1}}, {"model": "video.videolesson", "pk": 131, "fields": {"videos": 25, "chapter": 50, "name": "Data Structures ​", "duration_time": null, "lessonvideo": "", "video_url": null, "is_locked": true, "created": "2023-04-19T17:11:04.918Z", "updated": "2023-04-19T17:11:04.918Z", "ordered": 0}}, {"model": "video.videolesson", "pk": 132, "fields": {"videos": 25, "chapter": 50, "name": "Data Visualization", "duration_time": null, "lessonvideo": "", "video_url": null, "is_locked": true, "created": "2023-04-19T17:11:10.089Z", "updated": "2023-04-19T17:11:10.089Z", "ordered": 1}}, {"model": "video.videolesson", "pk": 133, "fields": {"videos": 25, "chapter": 51, "name": "Statistics for Data Science I", "duration_time": null, "lessonvideo": "", "video_url": null, "is_locked": true, "created": "2023-04-19T17:11:25.627Z", "updated": "2023-04-19T17:11:25.627Z", "ordered": 0}}, {"model": "video.videolesson", "pk": 134, "fields": {"videos": 25, "chapter": 51, "name": "Statistics for Data Science II", "duration_time": null, "lessonvideo": "", "video_url": null, "is_locked": true, "created": "2023-04-19T17:11:53.099Z", "updated": "2023-04-19T17:11:53.099Z", "ordered": 1}}, {"model": "video.videolesson", "pk": 135, "fields": {"videos": 25, "chapter": 52, "name": "Regression Analysis", "duration_time": null, "lessonvideo": "", "video_url": null, "is_locked": true, "created": "2023-04-19T17:12:02.501Z", "updated": "2023-04-19T17:12:02.501Z", "ordered": 0}}, {"model": "video.videolesson", "pk": 136, "fields": {"videos": 25, "chapter": 52, "name": "Classification", "duration_time": null, "lessonvideo": "", "video_url": null, "is_locked": true, "created": "2023-04-19T17:12:10.273Z", "updated": "2023-04-19T17:12:10.273Z", "ordered": 1}}, {"model": "video.videolesson", "pk": 137, "fields": {"videos": 26, "chapter": 54, "name": "Use Case Model", "duration_time": null, "lessonvideo": "", "video_url": null, "is_locked": true, "created": "2023-04-19T17:12:19.335Z", "updated": "2023-04-19T17:12:19.335Z", "ordered": 0}}, {"model": "video.videolesson", "pk": 138, "fields": {"videos": 26, "chapter": 54, "name": "Sequence Model", "duration_time": null, "lessonvideo": "", "video_url": null, "is_locked": true, "created": "2023-04-19T17:12:25.963Z", "updated": "2023-04-19T17:12:25.963Z", "ordered": 1}}, {"model": "video.videolesson", "pk": 139, "fields": {"videos": 25, "chapter": 52, "name": "Clustering", "duration_time": null, "lessonvideo": "", "video_url": null, "is_locked": true, "created": "2023-04-19T17:12:28.368Z", "updated": "2023-04-19T17:12:28.368Z", "ordered": 2}}, {"model": "video.videolesson", "pk": 140, "fields": {"videos": 26, "chapter": 54, "name": "Function", "duration_time": null, "lessonvideo": "", "video_url": null, "is_locked": true, "created": "2023-04-19T17:12:31.545Z", "updated": "2023-04-19T17:12:31.545Z", "ordered": 2}}, {"model": "video.videolesson", "pk": 141, "fields": {"videos": 25, "chapter": 52, "name": "Association ​Rules", "duration_time": null, "lessonvideo": "", "video_url": null, "is_locked": true, "created": "2023-04-19T17:12:35.276Z", "updated": "2023-04-19T17:12:35.276Z", "ordered": 3}}, {"model": "video.videolesson", "pk": 142, "fields": {"videos": 26, "chapter": 54, "name": "Function Development", "duration_time": null, "lessonvideo": "", "video_url": null, "is_locked": true, "created": "2023-04-19T17:12:38.409Z", "updated": "2023-04-19T17:12:38.409Z", "ordered": 3}}, {"model": "video.videolesson", "pk": 143, "fields": {"videos": 25, "chapter": 53, "name": "Inferential and Descriptive Statistics", "duration_time": null, "lessonvideo": "", "video_url": null, "is_locked": true, "created": "2023-04-19T17:12:43.341Z", "updated": "2023-04-19T17:12:43.341Z", "ordered": 0}}, {"model": "video.videolesson", "pk": 144, "fields": {"videos": 26, "chapter": 55, "name": "Default Parameter", "duration_time": null, "lessonvideo": "", "video_url": null, "is_locked": true, "created": "2023-04-19T17:12:46.758Z", "updated": "2023-04-19T17:13:08.467Z", "ordered": 0}}, {"model": "video.videolesson", "pk": 145, "fields": {"videos": 26, "chapter": 55, "name": "Python using Numpy", "duration_time": null, "lessonvideo": "", "video_url": null, "is_locked": true, "created": "2023-04-19T17:13:18.949Z", "updated": "2023-04-19T17:13:18.949Z", "ordered": 1}}, {"model": "video.videolesson", "pk": 146, "fields": {"videos": 26, "chapter": 55, "name": "Array", "duration_time": null, "lessonvideo": "", "video_url": null, "is_locked": true, "created": "2023-04-19T17:13:25.034Z", "updated": "2023-04-19T17:13:25.034Z", "ordered": 2}}, {"model": "video.videolesson", "pk": 147, "fields": {"videos": 27, "chapter": 56, "name": "การติดตั้ง SQL Server", "duration_time": null, "lessonvideo": "", "video_url": null, "is_locked": true, "created": "2023-04-19T17:14:19.880Z", "updated": "2023-04-19T17:14:19.880Z", "ordered": 0}}, {"model": "video.videolesson", "pk": 148, "fields": {"videos": 27, "chapter": 56, "name": "การติดตั้ง Python", "duration_time": null, "lessonvideo": "", "video_url": null, "is_locked": true, "created": "2023-04-19T17:14:26.130Z", "updated": "2023-04-19T17:14:26.130Z", "ordered": 1}}, {"model": "video.videolesson", "pk": 149, "fields": {"videos": 27, "chapter": 57, "name": "การผ่าน Parameter ให้ SQL Command", "duration_time": null, "lessonvideo": "", "video_url": null, "is_locked": true, "created": "2023-04-19T17:14:35.371Z", "updated": "2023-04-19T17:14:35.371Z", "ordered": 0}}, {"model": "video.videolesson", "pk": 150, "fields": {"videos": 27, "chapter": 57, "name": "การเพิ่มข้อมูล", "duration_time": null, "lessonvideo": "", "video_url": null, "is_locked": true, "created": "2023-04-19T17:14:43.048Z", "updated": "2023-04-19T17:14:43.048Z", "ordered": 1}}, {"model": "video.videolesson", "pk": 151, "fields": {"videos": 27, "chapter": 57, "name": "การแก้ไขข้อมูล", "duration_time": null, "lessonvideo": "", "video_url": null, "is_locked": true, "created": "2023-04-19T17:14:48.939Z", "updated": "2023-04-19T17:14:48.939Z", "ordered": 2}}, {"model": "video.videolesson", "pk": 152, "fields": {"videos": 27, "chapter": 57, "name": "การลบข้อมูล", "duration_time": null, "lessonvideo": "", "video_url": null, "is_locked": true, "created": "2023-04-19T17:14:54.651Z", "updated": "2023-04-19T17:14:54.651Z", "ordered": 3}}, {"model": "video.payment", "pk": 4, "fields": {"video": 12, "member": 17, "payment_date": "2023-04-19T17:18:49.875Z", "payment_by": "Cash", "payment_amount": 440.0}}, {"model": "video.payment", "pk": 7, "fields": {"video": 14, "member": 13, "payment_date": "2023-04-20T09:39:04.438Z", "payment_by": "Cash", "payment_amount": 290.0}}, {"model": "video.payment", "pk": 8, "fields": {"video": 13, "member": 13, "payment_date": "2023-04-20T09:39:15.197Z", "payment_by": "Cash", "payment_amount": 220.0}}, {"model": "video.payment", "pk": 10, "fields": {"video": 13, "member": 18, "payment_date": "2023-04-21T18:01:53.830Z", "payment_by": "Cash", "payment_amount": 220.0}}, {"model": "video.payment", "pk": 12, "fields": {"video": 13, "member": 17, "payment_date": "2023-04-22T17:21:58.170Z", "payment_by": "Cash", "payment_amount": 220.0}}, {"model": "video.payment", "pk": 14, "fields": {"video": 12, "member": 24, "payment_date": "2023-04-25T03:53:05.769Z", "payment_by": "Cash", "payment_amount": 440.0}}]